,id,score,word_sent,total_time,date,attempts,time_find_word,length,vowels,win
0,62cc5232b9da5504aa5f8054,0.2222222222222222,retirados,3.6474889269993582,2022-07-11T16:39:14.934617,1,2.4577163840003777,9,4,True
1,62cc5232b9da5504aa5f8054,0.7777777777777778,menciones,3.6474889269993582,2022-07-11T16:39:15.834799,2,2.4577163840003777,9,4,True
2,62cc5232b9da5504aa5f8054,1.0,pensiones,3.6474889269993582,2022-07-11T16:39:16.636531,3,2.4577163840003777,9,4,True
0,62bb8465a43f4f7e528de403,0.3076923076923077,continentales,6.193741838999983,2022-06-28T22:44:55.794850,1,,13,5,True
1,62bb8465a43f4f7e528de403,1.0,refrigerantes,6.193741838999983,2022-06-28T22:44:56.554823,2,,13,5,True
0,62cc4ed1f18b6d7efd74e3a0,0.4,contenidas,2.6511918420001166,2022-07-11T16:24:49.757458,1,1.622172920000594,10,4,True
1,62cc4ed1f18b6d7efd74e3a0,1.0,combinaban,2.6511918420001166,2022-07-11T16:24:50.502910,2,1.622172920000594,10,4,True
0,62bc6afcd0c67da76c36d2b4,0.3333333333333333,copernicanas,10.883146318999934,2022-06-29T15:08:50.098462,1,7.46998874000019,12,5,True
1,62bc6afcd0c67da76c36d2b4,0.75,competidores,10.883146318999934,2022-06-29T15:08:50.955794,2,7.46998874000019,12,5,True
2,62bc6afcd0c67da76c36d2b4,1.0,compositores,10.883146318999934,2022-06-29T15:08:51.694265,3,7.46998874000019,12,5,True
0,62cc58afc4fc9213b3e56ff4,0.2857142857142857,antirio,7.555273051000768,2022-07-11T17:06:57.838943,1,3.996979671999725,7,4,True
1,62cc58afc4fc9213b3e56ff4,0.5714285714285714,nicolai,7.555273051000768,2022-07-11T17:06:58.558754,2,3.996979671999725,7,4,True
2,62cc58afc4fc9213b3e56ff4,1.0,minoica,7.555273051000768,2022-07-11T17:06:59.198690,3,3.996979671999725,7,4,True
0,62ba5736e27560ca5f8e296c,0.2857142857142857,antirio,10.656048270999236,2022-06-28T01:19:50.967016,1,,7,4,True
1,62ba5736e27560ca5f8e296c,0.5714285714285714,hipatia,10.656048270999236,2022-06-28T01:19:52.587208,2,,7,4,True
2,62ba5736e27560ca5f8e296c,1.0,existia,10.656048270999236,2022-06-28T01:19:54.185266,3,,7,4,True
0,62cc47cd6d14e0c39d5cd7c5,0.4285714285714285,camaras,3.46515851500044,2022-07-11T15:54:53.987711,1,2.3528881590009405,7,3,True
1,62cc47cd6d14e0c39d5cd7c5,0.4285714285714285,anclada,3.46515851500044,2022-07-11T15:54:54.849960,2,2.3528881590009405,7,3,True
2,62cc47cd6d14e0c39d5cd7c5,1.0,luchaba,3.46515851500044,2022-07-11T15:54:55.567677,3,2.3528881590009405,7,3,True
0,62ba54b4e27560ca5f8e295c,0.5833333333333334,concentrados,3.638728284000536,2022-06-28T01:09:09.224055,1,,12,4,True
1,62ba54b4e27560ca5f8e295c,0.5,congresistas,3.638728284000536,2022-06-28T01:09:10.001167,2,,12,4,True
2,62ba54b4e27560ca5f8e295c,1.0,contrapartes,3.638728284000536,2022-06-28T01:09:10.701162,3,,12,4,True
0,62cc46ad6d14e0c39d5cd7c1,0.3,contenidas,12.59828250300052,2022-07-11T15:50:06.209693,1,1.6675752680002915,10,4,True
1,62cc46ad6d14e0c39d5cd7c1,1.0,bombardeos,12.59828250300052,2022-07-11T15:50:07.027384,2,1.6675752680002915,10,4,True
0,62b92b72b18b58a8b33cd398,0.3333333333333333,cartas,6.02709579400107,2022-06-27T04:00:50.774450,1,,6,2,True
1,62b92b72b18b58a8b33cd398,0.6666666666666666,forman,6.02709579400107,2022-06-27T04:00:51.494391,2,,6,2,True
2,62b92b72b18b58a8b33cd398,1.0,fernan,6.02709579400107,2022-06-27T04:00:52.138880,3,,6,2,True
0,62bd1ff6786f6860fb24bde1,0.125,parecido,34.624922506001894,2022-06-30T04:01:12.296778,1,30.975013061000936,8,4,True
1,62bd1ff6786f6860fb24bde1,1.0,forneria,34.624922506001894,2022-06-30T04:01:25.477893,2,30.975013061000936,8,4,True
0,62cc5afdfce6102cedbaa5e8,0.2,caras,5.8714129279997,2022-07-11T17:16:46.641964,1,1.5369329330005712,5,2,True
1,62cc5afdfce6102cedbaa5e8,1.0,conto,5.8714129279997,2022-07-11T17:16:47.441086,2,1.5369329330005712,5,2,True
0,62bb8444a43f4f7e528de3fe,0.2857142857142857,camaras,16.043905213000016,2022-06-28T22:44:22.732380,1,,7,3,True
1,62bb8444a43f4f7e528de3fe,0.4285714285714285,bolitas,16.043905213000016,2022-06-28T22:44:25.593969,2,,7,3,True
2,62bb8444a43f4f7e528de3fe,1.0,fibulas,16.043905213000016,2022-06-28T22:44:27.874196,3,,7,3,True
0,62c5fdc498c8b70e312291be,0.2222222222222222,acuciando,40.69566956599965,2022-07-06T21:25:29.840300,1,30.55108514199992,9,5,True
1,62c5fdc498c8b70e312291be,0.3333333333333333,alfareria,40.69566956599965,2022-07-06T21:25:39.362248,2,30.55108514199992,9,5,True
2,62c5fdc498c8b70e312291be,1.0,atraviesa,40.69566956599965,2022-07-06T21:25:54.997924,3,30.55108514199992,9,5,True
0,62bda317f214c5645f157f1e,0.25,sant,2.928441962000079,2022-06-30T13:20:23.985518,1,1.9362293719998436,4,1,True
1,62bda317f214c5645f157f1e,0.5,zorn,2.928441962000079,2022-06-30T13:20:24.640188,2,1.9362293719998436,4,1,True
2,62bda317f214c5645f157f1e,1.0,bron,2.928441962000079,2022-06-30T13:20:25.262611,3,1.9362293719998436,4,1,True
0,62c767e82d59f8d59b79da0b,0.5,cartas,7.838934235998749,2022-07-07T23:10:35.078182,1,5.009098386002734,6,2,True
1,62c767e82d59f8d59b79da0b,0.8333333333333334,compas,7.838934235998749,2022-07-07T23:10:35.720380,2,5.009098386002734,6,2,True
2,62c767e82d59f8d59b79da0b,1.0,coplas,7.838934235998749,2022-07-07T23:10:37.883785,3,5.009098386002734,6,2,True
0,62bb11dccaf50050bc52bf0e,0.6666666666666666,acuciando,5.6697363250023045,2022-06-28T14:36:13.681733,1,,9,5,True
1,62bb11dccaf50050bc52bf0e,1.0,anunciada,5.6697363250023045,2022-06-28T14:36:14.559588,2,,9,5,True
0,62bd264d2a084e04126ae758,0.125,cortadas,9.389742833998753,2022-06-30T04:27:59.863341,1,7.872335215997737,8,3,True
1,62bd264d2a084e04126ae758,0.25,piedmont,9.389742833998753,2022-06-30T04:28:02.444434,2,7.872335215997737,8,3,True
2,62bd264d2a084e04126ae758,1.0,difutbol,9.389742833998753,2022-06-30T04:28:05.422952,3,7.872335215997737,8,3,True
0,62cc5ba61cca84028162bba3,0.5714285714285714,camaras,6.034006156000032,2022-07-11T17:19:34.765408,1,2.3392694249996566,7,3,True
1,62cc5ba61cca84028162bba3,0.4285714285714285,maestro,6.034006156000032,2022-07-11T17:19:35.662264,2,2.3392694249996566,7,3,True
2,62cc5ba61cca84028162bba3,1.0,marlise,6.034006156000032,2022-07-11T17:19:36.420002,3,2.3392694249996566,7,3,True
0,62cc4e1af18b6d7efd74e39a,0.25,caro,12.644305392001115,2022-07-11T16:21:47.056838,1,2.741751898000075,4,2,True
1,62cc4e1af18b6d7efd74e39a,0.25,alta,12.644305392001115,2022-07-11T16:21:47.696845,2,2.741751898000075,4,2,True
2,62cc4e1af18b6d7efd74e39a,0.25,dean,12.644305392001115,2022-07-11T16:21:48.376934,3,2.741751898000075,4,2,True
3,62cc4e1af18b6d7efd74e39a,1.0,unas,12.644305392001115,2022-07-11T16:21:49.116831,4,2.741751898000075,4,2,True
0,62bb02f36f62cf58738a4e32,0.3636363636363636,peloritanos,6.468509820999316,2022-06-28T13:32:36.514828,1,,11,5,True
1,62bb02f36f62cf58738a4e32,1.0,competencia,6.468509820999316,2022-06-28T13:32:37.471448,2,,11,5,True
0,62b92cc3b18b58a8b33cd3aa,0.1111111111111111,contentos,2.600617708001664,2022-06-27T04:06:28.643720,1,,9,3,True
1,62b92cc3b18b58a8b33cd3aa,1.0,scarlatti,2.600617708001664,2022-06-27T04:06:29.317983,2,,9,3,True
0,62ba53eee27560ca5f8e2956,0.0,marido,4.388995711999087,2022-06-28T01:05:51.542208,1,,6,3,True
1,62ba53eee27560ca5f8e2956,0.3333333333333333,puente,4.388995711999087,2022-06-28T01:05:52.299768,2,,6,3,True
2,62ba53eee27560ca5f8e2956,0.5,juzgue,4.388995711999087,2022-06-28T01:05:52.980007,3,,6,3,True
3,62ba53eee27560ca5f8e2956,1.0,busque,4.388995711999087,2022-06-28T01:05:53.681574,4,,6,3,True
0,62bb4661419616b2b97b3f68,0.4,enlentecimiento,12.126939269001014,2022-06-28T18:20:18.260808,1,,15,7,True
1,62bb4661419616b2b97b3f68,1.0,norteamericanas,12.126939269001014,2022-06-28T18:20:19.580490,2,,15,7,True
0,62cc570d52c378a1a5f110f8,0.4,cuida,10.513803957999698,2022-07-11T16:59:57.815917,1,2.35616943399873,5,3,True
1,62cc570d52c378a1a5f110f8,0.6,quena,10.513803957999698,2022-07-11T16:59:58.515906,2,2.35616943399873,5,3,True
2,62cc570d52c378a1a5f110f8,1.0,juega,10.513803957999698,2022-07-11T16:59:59.235887,3,2.35616943399873,5,3,True
0,62cc5668147c89413dab50e5,0.5,cotidianos,10.791933815000448,2022-07-11T16:57:13.884788,1,2.45927626699995,10,5,True
1,62cc5668147c89413dab50e5,0.4,atraviesan,10.791933815000448,2022-07-11T16:57:14.870584,2,2.45927626699995,10,5,True
2,62cc5668147c89413dab50e5,1.0,existirian,10.791933815000448,2022-07-11T16:57:15.524831,3,2.45927626699995,10,5,True
0,62bd9e0492c07708e7f53bbd,0.2857142857142857,camaras,5.392239262000004,2022-06-30T12:58:45.295953,1,2.1491035189999934,7,3,True
1,62bd9e0492c07708e7f53bbd,0.2857142857142857,citando,5.392239262000004,2022-06-30T12:58:46.070932,2,2.1491035189999934,7,3,True
2,62bd9e0492c07708e7f53bbd,1.0,cobalto,5.392239262000004,2022-06-30T12:58:46.705164,3,2.1491035189999934,7,3,True
0,62bda394f214c5645f157f23,0.3636363636363636,peloritanos,2.4323132639999585,2022-06-30T13:22:29.419544,1,1.431813092999846,11,5,True
1,62bda394f214c5645f157f23,1.0,desempe単ado,2.4323132639999585,2022-06-30T13:22:30.181894,2,1.431813092999846,11,5,True
0,62cc51e5b9da5504aa5f8050,0.5,copernicanas,9.249659236000298,2022-07-11T16:37:58.439276,1,1.5362668800007668,12,5,True
1,62cc51e5b9da5504aa5f8050,1.0,encarcelados,9.249659236000298,2022-07-11T16:37:59.235884,2,1.5362668800007668,12,5,True
0,62cc5e451e2ebc89b6def199,0.1666666666666666,marido,3.4281322639999416,2022-07-11T17:30:46.213186,1,2.253123622000203,6,3,True
1,62cc5e451e2ebc89b6def199,0.5,severo,3.4281322639999416,2022-07-11T17:30:46.957342,2,2.253123622000203,6,3,True
2,62cc5e451e2ebc89b6def199,1.0,tesoro,3.4281322639999416,2022-07-11T17:30:47.728466,3,2.253123622000203,6,3,True
0,62bc6b4dd0c67da76c36d2b9,0.5,sant,6.4291139319998365,2022-06-29T15:10:07.318399,1,4.666014019999693,4,1,True
1,62bc6b4dd0c67da76c36d2b9,0.5,spam,6.4291139319998365,2022-06-29T15:10:09.138181,2,4.666014019999693,4,1,True
2,62bc6b4dd0c67da76c36d2b9,1.0,shaw,6.4291139319998365,2022-06-29T15:10:10.237051,3,4.666014019999693,4,1,True
0,62bb4f066b368afcac72a2d7,0.25,cortadas,10.255175171005249,2022-06-28T18:57:10.879395,1,,8,3,True
1,62bb4f066b368afcac72a2d7,1.0,paniscus,10.255175171005249,2022-06-28T18:57:11.838885,2,,8,3,True
0,62b92c06b18b58a8b33cd3a2,0.2857142857142857,contras,2.5252628060006828,2022-06-27T04:03:19.477711,1,,7,2,True
1,62b92c06b18b58a8b33cd3a2,1.0,ohrdruf,2.5252628060006828,2022-06-27T04:03:20.161693,2,,7,2,True
0,62b91418bb913dc50f84ff48,0.1111111111111111,retirados,13.390323080002418,2022-06-27T02:21:14.132057,1,,9,4,True
1,62b91418bb913dc50f84ff48,0.1111111111111111,predicado,13.390323080002418,2022-06-27T02:21:17.415990,2,,9,4,True
2,62b91418bb913dc50f84ff48,1.0,mordechai,13.390323080002418,2022-06-27T02:21:21.799076,3,,9,4,True
0,62cc5e221e2ebc89b6def194,0.4545454545454545,reiniciaron,6.113189792000412,2022-07-11T17:30:11.790710,1,2.1504859699998637,11,6,True
1,62cc5e221e2ebc89b6def194,0.6363636363636364,cooperacion,6.113189792000412,2022-07-11T17:30:12.493868,2,2.1504859699998637,11,6,True
2,62cc5e221e2ebc89b6def194,1.0,elaboracion,6.113189792000412,2022-07-11T17:30:13.207978,3,2.1504859699998637,11,6,True
0,62bb0bfc08db385bff50da06,0.4,cotidianos,11.058697808002762,2022-06-28T14:11:09.110553,1,,10,5,True
1,62bb0bfc08db385bff50da06,1.0,reconcilio,11.058697808002762,2022-06-28T14:11:10.094844,2,,10,5,True
0,62cc5328b9da5504aa5f8059,0.3,cotidianos,2.826138273001561,2022-07-11T16:43:20.975294,1,1.637299723999604,10,5,True
1,62cc5328b9da5504aa5f8059,1.0,anarquismo,2.826138273001561,2022-07-11T16:43:21.795127,2,1.637299723999604,10,5,True
0,62bd270e2a084e04126ae767,0.3333333333333333,marido,4.938252562002162,2022-06-30T04:31:11.088579,1,3.893726459999016,6,3,True
1,62bd270e2a084e04126ae767,0.3333333333333333,citera,4.938252562002162,2022-06-30T04:31:13.425332,2,3.893726459999016,6,3,True
2,62bd270e2a084e04126ae767,1.0,russia,4.938252562002162,2022-06-30T04:31:14.177995,3,3.893726459999016,6,3,True
0,62b9137d50aef8665dadd83a,0.2857142857142857,camaras,26.252261064000777,2022-06-27T02:18:38.771317,1,,7,3,True
1,62b9137d50aef8665dadd83a,0.2857142857142857,huertos,26.252261064000777,2022-06-27T02:18:42.769703,2,,7,3,True
2,62b9137d50aef8665dadd83a,0.8571428571428571,orestis,26.252261064000777,2022-06-27T02:18:51.052815,3,,7,3,True
3,62b9137d50aef8665dadd83a,1.0,orestes,26.252261064000777,2022-06-27T02:18:57.668937,4,,7,3,True
0,62b92c4fb18b58a8b33cd3a6,0.3636363636363636,reiniciaron,2.419796767000662,2022-06-27T04:04:32.559925,1,,11,6,True
1,62b92c4fb18b58a8b33cd3a6,1.0,neokantiano,2.419796767000662,2022-06-27T04:04:33.158619,2,,11,6,True
0,62ba55dbe27560ca5f8e2967,0.2222222222222222,contentos,5.460664500000348,2022-06-28T01:14:05.181051,1,,9,3,True
1,62ba55dbe27560ca5f8e2967,0.3333333333333333,vislumbro,5.460664500000348,2022-06-28T01:14:05.966349,2,,9,3,True
2,62ba55dbe27560ca5f8e2967,1.0,philosoph,5.460664500000348,2022-06-28T01:14:06.875351,3,,9,3,True
0,62b910425a023240d75fb2ed,0.2222222222222222,acuciando,7.788184782999451,2022-06-27T02:04:51.621732,1,,9,5,True
1,62b910425a023240d75fb2ed,1.0,manejaria,7.788184782999451,2022-06-27T02:04:52.379233,2,,9,5,True
0,62ba5315e27560ca5f8e2951,0.25,parecido,14.18471273799878,2022-06-28T01:02:14.278557,1,,8,4,True
1,62ba5315e27560ca5f8e2951,0.375,valiente,14.18471273799878,2022-06-28T01:02:15.261980,2,,8,4,True
2,62ba5315e27560ca5f8e2951,1.0,bailable,14.18471273799878,2022-06-28T01:02:15.978545,3,,8,4,True
0,62cc5c971cca84028162bba8,0.3333333333333333,copernicanas,2.8246607309993124,2022-07-11T17:23:36.244258,1,1.6354717289996188,12,5,True
1,62cc5c971cca84028162bba8,1.0,pretendieron,2.8246607309993124,2022-07-11T17:23:36.961893,2,1.6354717289996188,12,5,True
0,62cc675f9868a0951f3dbfe3,0.375,parecido,5.793100075999973,2022-07-11T18:09:36.683510,1,1.7419502230004582,8,4,True
1,62cc675f9868a0951f3dbfe3,1.0,proteina,5.793100075999973,2022-07-11T18:09:37.603409,2,1.7419502230004582,8,4,True
0,62cc67c79155744d024c84bf,0.4444444444444444,acuciando,3.660679242999322,2022-07-11T18:11:20.250308,1,2.4686155089984823,9,5,True
1,62cc67c79155744d024c84bf,0.6666666666666666,variacion,3.660679242999322,2022-07-11T18:11:21.110324,2,2.4686155089984823,9,5,True
2,62cc67c79155744d024c84bf,1.0,relaciona,3.660679242999322,2022-07-11T18:11:21.812566,3,2.4686155089984823,9,5,True
0,62cd77ed214aa85635518eaa,0.3333333333333333,cartas,5.7205174069999885,2022-07-12T13:32:29.996007,1,2.13521876599998,6,2,True
1,62cd77ed214aa85635518eaa,0.5,lograr,5.7205174069999885,2022-07-12T13:32:30.674851,2,2.13521876599998,6,2,True
2,62cd77ed214aa85635518eaa,1.0,llevar,5.7205174069999885,2022-07-12T13:32:31.362615,3,2.13521876599998,6,2,True
0,62d1a025fd1a1eb441af1a33,0.625,parecido,5.317210232999969,2022-07-15T17:13:09.766842,1,1.7428589340001963,8,4,True
1,62d1a025fd1a1eb441af1a33,1.0,paradoja,5.317210232999969,2022-07-15T17:13:10.739960,2,1.7428589340001963,8,4,True
0,62cc78548089b6a176949887,0.2222222222222222,retirados,7.047262583997508,2022-07-11T19:21:57.464238,1,3.148201694999443,9,4,True
1,62cc78548089b6a176949887,0.3333333333333333,urbanismo,7.047262583997508,2022-07-11T19:21:58.459171,2,3.148201694999443,9,4,True
2,62cc78548089b6a176949887,0.4444444444444444,sopranino,7.047262583997508,2022-07-11T19:21:59.140702,3,3.148201694999443,9,4,True
3,62cc78548089b6a176949887,1.0,asincrono,7.047262583997508,2022-07-11T19:21:59.862970,4,3.148201694999443,9,4,True
0,62cc5cac1cca84028162bbac,0.5,marido,3.3830387680009157,2022-07-11T17:23:57.304573,1,2.252703633999772,6,3,True
1,62cc5cac1cca84028162bbac,0.8333333333333334,re単ida,3.3830387680009157,2022-07-11T17:23:58.083959,2,2.252703633999772,6,3,True
2,62cc5cac1cca84028162bbac,1.0,regida,3.3830387680009157,2022-07-11T17:23:58.821873,3,2.252703633999772,6,3,True
0,62cd741a721debaa6dfa57e1,0.4444444444444444,retirados,3.472306092000053,2022-07-12T13:16:10.757878,1,2.3550449829999707,9,4,True
1,62cd741a721debaa6dfa57e1,0.8888888888888888,nutricion,3.472306092000053,2022-07-12T13:16:11.695289,2,2.3550449829999707,9,4,True
2,62cd741a721debaa6dfa57e1,1.0,nutrition,3.472306092000053,2022-07-12T13:16:12.374721,3,2.3550449829999707,9,4,True
0,62cc7bc815e8ce9a5cbe150e,0.125,adquiria,2.685375314002158,2022-07-11T19:36:41.848317,1,1.4331073310022475,8,5,True
1,62cc7bc815e8ce9a5cbe150e,1.0,ideologo,2.685375314002158,2022-07-11T19:36:42.585704,2,1.4331073310022475,8,5,True
0,62cc69db76789d388bf2332b,0.2857142857142857,contras,5.272315326001262,2022-07-11T18:20:11.951391,1,1.4315775860013673,7,2,True
1,62cc69db76789d388bf2332b,1.0,whitman,5.272315326001262,2022-07-11T18:20:12.631920,2,1.4315775860013673,7,2,True
0,62cc61f66dc90bb63fa980c5,0.3333333333333333,retirados,6.531925686002069,2022-07-11T17:46:30.995053,1,2.4554433340017567,9,4,True
1,62cc61f66dc90bb63fa980c5,0.5555555555555556,informaba,6.531925686002069,2022-07-11T17:46:32.017780,2,2.4554433340017567,9,4,True
2,62cc61f66dc90bb63fa980c5,1.0,incorpora,6.531925686002069,2022-07-11T17:46:32.674183,3,2.4554433340017567,9,4,True
0,62d2031dd09b48d2d6935d34,0.4285714285714285,camaras,5.807104973000605,2022-07-16T00:15:25.845985,1,2.2516842229997565,7,3,True
1,62d2031dd09b48d2d6935d34,0.5714285714285714,colinas,5.807104973000605,2022-07-16T00:15:26.623899,2,2.2516842229997565,7,3,True
2,62d2031dd09b48d2d6935d34,1.0,cenizas,5.807104973000605,2022-07-16T00:15:27.363904,3,2.2516842229997565,7,3,True
0,62cca76e97d6c4ab43ccb627,0.1666666666666666,marido,5.557227459001297,2022-07-11T22:42:55.514908,1,1.5820682180019503,6,3,True
1,62cca76e97d6c4ab43ccb627,1.0,coloca,5.557227459001297,2022-07-11T22:42:56.272129,2,1.5820682180019503,6,3,True
0,62d2116761648e93239fa4a3,0.3636363636363636,peloritanos,5.159059907000483,2022-07-16T01:16:24.481497,1,1.5353645039995172,11,5,True
1,62d2116761648e93239fa4a3,1.0,profesional,5.159059907000483,2022-07-16T01:16:25.303448,2,1.5353645039995172,11,5,True
0,62d22f8b373d811b82ed9a26,0.5,marido,2.7352137210000365,2022-07-16T03:24:59.733651,1,1.5363916659989627,6,3,True
1,62d22f8b373d811b82ed9a26,1.0,taraki,2.7352137210000365,2022-07-16T03:25:00.531054,2,1.5363916659989627,6,3,True
0,62d22f30373d811b82ed99e4,0.2727272727272727,peloritanos,3.2670719380002997,2022-07-16T03:23:29.016470,1,2.282228052998107,11,5,True
1,62d22f30373d811b82ed99e4,0.8181818181818182,duplicacion,3.2670719380002997,2022-07-16T03:23:29.852841,2,2.282228052998107,11,5,True
2,62d22f30373d811b82ed99e4,1.0,implicacion,3.2670719380002997,2022-07-16T03:23:30.552884,3,2.282228052998107,11,5,True
0,62d22f48373d811b82ed99f7,0.1428571428571428,camaras,3.2929181500003324,2022-07-16T03:23:52.910339,1,2.252871980999771,7,3,True
1,62d22f48373d811b82ed99f7,0.4285714285714285,sentada,3.2929181500003324,2022-07-16T03:23:53.772918,2,2.252871980999771,7,3,True
2,62d22f48373d811b82ed99f7,1.0,gustave,3.2929181500003324,2022-07-16T03:23:54.392615,3,2.252871980999771,7,3,True
0,62d22fc8373d811b82ed9a50,0.2,caras,3.301052696002444,2022-07-16T03:26:01.771923,1,2.1498280099986005,5,2,True
1,62d22fc8373d811b82ed9a50,0.4,plata,3.301052696002444,2022-07-16T03:26:02.474614,2,2.1498280099986005,5,2,True
2,62d22fc8373d811b82ed9a50,1.0,lleva,3.301052696002444,2022-07-16T03:26:03.154438,3,2.1498280099986005,5,2,True
0,62d22e97373d811b82ed99a3,0.0,caras,3.807643380998343,2022-07-16T03:20:56.472670,1,2.7649645159981446,5,2,True
1,62d22e97373d811b82ed99a3,0.2,ponen,3.807643380998343,2022-07-16T03:20:57.188033,2,2.7649645159981446,5,2,True
2,62d22e97373d811b82ed99a3,0.8,hindi,3.807643380998343,2022-07-16T03:20:57.828053,3,2.7649645159981446,5,2,True
3,62d22e97373d811b82ed99a3,1.0,kindi,3.807643380998343,2022-07-16T03:20:58.472935,4,2.7649645159981446,5,2,True
0,62d22e9f373d811b82ed99a9,0.375,parecido,3.7860715560018434,2022-07-16T03:21:04.548060,1,2.7985210759979964,8,4,True
1,62d22e9f373d811b82ed99a9,0.5,creceria,3.7860715560018434,2022-07-16T03:21:05.410457,2,2.7985210759979964,8,4,True
2,62d22e9f373d811b82ed99a9,0.5,renuncia,3.7860715560018434,2022-07-16T03:21:06.033097,3,2.7985210759979964,8,4,True
3,62d22e9f373d811b82ed99a9,1.0,escribia,3.7860715560018434,2022-07-16T03:21:06.688016,4,2.7985210759979964,8,4,True
0,62d22f71373d811b82ed9a15,0.2222222222222222,retirados,3.0835028139990754,2022-07-16T03:24:34.175687,1,1.604163684998639,9,4,True
1,62d22f71373d811b82ed9a15,1.0,escandalo,3.0835028139990754,2022-07-16T03:24:35.097648,2,1.604163684998639,9,4,True
0,62d22fdf373d811b82ed9a62,0.2,caras,3.1769050739967497,2022-07-16T03:26:23.777580,1,2.150598517000617,5,2,True
1,62d22fdf373d811b82ed9a62,0.6,plata,3.1769050739967497,2022-07-16T03:26:24.478771,2,2.150598517000617,5,2,True
2,62d22fdf373d811b82ed9a62,1.0,flota,3.1769050739967497,2022-07-16T03:26:25.155257,3,2.150598517000617,5,2,True
0,62d22f1d373d811b82ed99d7,0.5,parecido,2.529968763999932,2022-07-16T03:23:10.490374,1,1.5286153099987132,8,4,True
1,62d22f1d373d811b82ed99d7,1.0,especies,2.529968763999932,2022-07-16T03:23:11.335640,2,1.5286153099987132,8,4,True
0,62d22fb2373d811b82ed9a3d,0.1428571428571428,camaras,3.330515640001977,2022-07-16T03:25:39.431850,1,2.250910917999136,7,3,True
1,62d22fb2373d811b82ed9a3d,0.2857142857142857,limosna,3.330515640001977,2022-07-16T03:25:40.278746,2,2.250910917999136,7,3,True
2,62d22fb2373d811b82ed9a3d,1.0,semilla,3.330515640001977,2022-07-16T03:25:40.954405,3,2.250910917999136,7,3,True
0,62d23007373d811b82ed9a70,0.2,caras,3.289838258002419,2022-07-16T03:27:04.195672,1,2.148577718999149,5,2,True
1,62d23007373d811b82ed9a70,0.6,conto,3.289838258002419,2022-07-16T03:27:04.934981,2,2.148577718999149,5,2,True
2,62d23007373d811b82ed9a70,1.0,combo,3.289838258002419,2022-07-16T03:27:05.597529,3,2.148577718999149,5,2,True
0,62d22b3c6dea7ef17803d2ab,0.5714285714285714,camaras,3.3861288799998874,2022-07-16T03:06:37.120569,1,2.252344833999814,7,3,True
1,62d22b3c6dea7ef17803d2ab,0.5714285714285714,ba単adas,3.3861288799998874,2022-07-16T03:06:37.943905,2,2.252344833999814,7,3,True
2,62d22b3c6dea7ef17803d2ab,1.0,haza単as,3.3861288799998874,2022-07-16T03:06:38.621415,3,2.252344833999814,7,3,True
0,62d22f59373d811b82ed9a05,0.2,caras,4.546583495000959,2022-07-16T03:24:10.033817,1,3.531521552002232,5,2,True
1,62d22f59373d811b82ed9a05,0.6,minos,4.546583495000959,2022-07-16T03:24:10.751111,2,3.531521552002232,5,2,True
2,62d22f59373d811b82ed9a05,0.8,moyos,4.546583495000959,2022-07-16T03:24:11.433477,3,3.531521552002232,5,2,True
3,62d22f59373d811b82ed9a05,0.8,motos,4.546583495000959,2022-07-16T03:24:12.133825,4,3.531521552002232,5,2,True
4,62d22f59373d811b82ed9a05,1.0,modos,4.546583495000959,2022-07-16T03:24:12.861917,5,3.531521552002232,5,2,True
0,62d22f65373d811b82ed9a0c,0.3,cotidianos,3.3063007689997903,2022-07-16T03:24:22.311111,1,2.25257559199963,10,5,True
1,62d22f65373d811b82ed9a0c,0.9,incitacion,3.3063007689997903,2022-07-16T03:24:23.072891,2,2.25257559199963,10,5,True
2,62d22f65373d811b82ed9a0c,1.0,invitacion,3.3063007689997903,2022-07-16T03:24:23.773837,3,2.25257559199963,10,5,True
0,62d22e90373d811b82ed999e,0.25,cortadas,3.310622717999649,2022-07-16T03:20:49.490503,1,2.2201118299999507,8,3,True
1,62d22e90373d811b82ed999e,0.875,paternos,3.310622717999649,2022-07-16T03:20:50.328013,2,2.2201118299999507,8,3,True
2,62d22e90373d811b82ed999e,1.0,maternos,3.310622717999649,2022-07-16T03:20:51.034435,3,2.2201118299999507,8,3,True
0,62d22f97373d811b82ed9a30,0.2857142857142857,antirio,2.984368502999132,2022-07-16T03:25:12.251919,1,1.961306065997633,7,4,True
1,62d22f97373d811b82ed9a30,0.4285714285714285,vegecio,2.984368502999132,2022-07-16T03:25:12.874191,2,1.961306065997633,7,4,True
2,62d22f97373d811b82ed9a30,1.0,expolio,2.984368502999132,2022-07-16T03:25:13.554510,3,1.961306065997633,7,4,True
0,62d22f4e373d811b82ed99fc,0.375,cortadas,3.379868307998549,2022-07-16T03:23:59.072829,1,2.25190324399955,8,3,True
1,62d22f4e373d811b82ed99fc,0.375,honecker,3.379868307998549,2022-07-16T03:23:59.873103,2,2.25190324399955,8,3,True
2,62d22f4e373d811b82ed99fc,1.0,folclore,3.379868307998549,2022-07-16T03:24:00.536110,3,2.25190324399955,8,3,True
0,62d22f90373d811b82ed9a2a,0.1666666666666666,marido,3.8165181270014727,2022-07-16T03:25:05.497936,1,2.7644940259997384,6,3,True
1,62d22f90373d811b82ed9a2a,0.5,vienes,3.8165181270014727,2022-07-16T03:25:06.253391,2,2.7644940259997384,6,3,True
2,62d22f90373d811b82ed9a2a,0.8333333333333334,exigen,3.8165181270014727,2022-07-16T03:25:06.873549,3,2.7644940259997384,6,3,True
3,62d22f90373d811b82ed9a2a,1.0,eligen,3.8165181270014727,2022-07-16T03:25:07.513368,4,2.7644940259997384,6,3,True
0,62d22f23373d811b82ed99db,0.3636363636363636,peloritanos,2.56303901100182,2022-07-16T03:23:16.530555,1,1.5362844629999015,11,5,True
1,62d22f23373d811b82ed99db,1.0,septuaginta,2.56303901100182,2022-07-16T03:23:17.355308,2,1.5362844629999015,11,5,True
0,62d22fbe373d811b82ed9a47,0.3,contenidas,2.603788596999948,2022-07-16T03:25:50.794413,1,1.573612352000055,10,4,True
1,62d22fbe373d811b82ed9a47,1.0,perdedores,2.603788596999948,2022-07-16T03:25:51.614582,2,1.573612352000055,10,4,True
0,62d2300c373d811b82ed9a75,0.3333333333333333,cartas,3.2729338289973384,2022-07-16T03:27:09.558935,1,2.150067575999856,6,2,True
1,62d2300c373d811b82ed9a75,0.6666666666666666,pastel,3.2729338289973384,2022-07-16T03:27:10.179413,2,2.150067575999856,6,2,True
2,62d2300c373d811b82ed9a75,1.0,mastil,3.2729338289973384,2022-07-16T03:27:10.899212,3,2.150067575999856,6,2,True
0,62d22f54373d811b82ed9a01,0.3333333333333333,contentos,2.3775113609990512,2022-07-16T03:24:04.830356,1,1.4082694470016577,9,3,True
1,62d22f54373d811b82ed9a01,1.0,cartwheel,2.3775113609990512,2022-07-16T03:24:05.474665,2,1.4082694470016577,9,3,True
0,62d22e8a373d811b82ed999a,0.4285714285714285,antirio,2.46351993299686,2022-07-16T03:20:43.670258,1,1.3545380200012005,7,4,True
1,62d22e8a373d811b82ed999a,1.0,enrique,2.46351993299686,2022-07-16T03:20:44.332597,2,1.3545380200012005,7,4,True
0,62d22f7b373d811b82ed9a19,0.3846153846153846,internamiento,2.655565846998797,2022-07-16T03:24:43.757874,1,1.452375774999382,13,6,True
1,62d22f7b373d811b82ed9a19,1.0,paramilitares,2.655565846998797,2022-07-16T03:24:44.513664,2,1.452375774999382,13,6,True
0,62d22f29373d811b82ed99df,0.3,contenidas,3.250836029998027,2022-07-16T03:23:22.612745,1,2.2519196050016035,10,4,True
1,62d22f29373d811b82ed99df,0.8,declarando,3.250836029998027,2022-07-16T03:23:23.392663,2,2.2519196050016035,10,4,True
2,62d22f29373d811b82ed99df,1.0,declararon,3.250836029998027,2022-07-16T03:23:24.112810,3,2.2519196050016035,10,4,True
0,62d22fa0373d811b82ed9a35,0.2,barry,2.4006554180014064,2022-07-16T03:25:20.731875,1,1.362966418000724,5,1,True
1,62d22fa0373d811b82ed9a35,1.0,trust,2.4006554180014064,2022-07-16T03:25:21.331893,2,1.362966418000724,5,1,True
0,62d22ec9373d811b82ed99c6,0.2,cotidianos,3.1153419530019164,2022-07-16T03:21:46.131576,1,2.04907295400335,10,5,True
1,62d22ec9373d811b82ed99c6,0.4,exhaustiva,3.1153419530019164,2022-07-16T03:21:46.868843,2,2.04907295400335,10,5,True
2,62d22ec9373d811b82ed99c6,1.0,paisajista,3.1153419530019164,2022-07-16T03:21:47.471786,3,2.04907295400335,10,5,True
0,62d22f85373d811b82ed9a21,0.3076923076923077,internamiento,3.227497406998737,2022-07-16T03:24:54.073658,1,2.1506885399976454,13,6,True
1,62d22f85373d811b82ed9a21,0.9230769230769232,latitudinales,3.227497406998737,2022-07-16T03:24:54.713721,2,2.1506885399976454,13,6,True
2,62d22f85373d811b82ed9a21,1.0,altitudinales,3.227497406998737,2022-07-16T03:24:55.453490,3,2.1506885399976454,13,6,True
0,62d22e83373d811b82ed9996,0.3333333333333333,copernicanas,2.605234000999189,2022-07-16T03:20:36.188126,1,1.4330420209989825,12,5,True
1,62d22e83373d811b82ed9996,1.0,constitutiva,2.605234000999189,2022-07-16T03:20:36.930745,2,1.4330420209989825,12,5,True
0,62d22b116dea7ef17803d2a6,0.2,cuida,5.869534778001253,2022-07-16T03:05:54.442866,1,2.149952753003163,5,3,True
1,62d22b116dea7ef17803d2a6,0.2,sirio,5.869534778001253,2022-07-16T03:05:55.102681,2,2.149952753003163,5,3,True
2,62d22b116dea7ef17803d2a6,1.0,logie,5.869534778001253,2022-07-16T03:05:55.802274,3,2.149952753003163,5,3,True
0,62d22f40373d811b82ed99f1,0.4285714285714285,camaras,3.898975739000889,2022-07-16T03:23:45.630391,1,2.866649564999534,7,3,True
1,62d22f40373d811b82ed99f1,0.5714285714285714,rurales,3.898975739000889,2022-07-16T03:23:46.432681,2,2.866649564999534,7,3,True
2,62d22f40373d811b82ed99f1,0.8571428571428571,ropajes,3.898975739000889,2022-07-16T03:23:47.152651,3,2.866649564999534,7,3,True
3,62d22f40373d811b82ed99f1,1.0,rodajes,3.898975739000889,2022-07-16T03:23:47.816138,4,2.866649564999534,7,3,True
0,62d22f80373d811b82ed9a1d,0.4,contenidas,2.5732340030008345,2022-07-16T03:24:48.816810,1,1.498231821002264,10,4,True
1,62d22f80373d811b82ed9a1d,1.0,chipriotas,2.5732340030008345,2022-07-16T03:24:49.633833,2,1.498231821002264,10,4,True
0,62d22fb8373d811b82ed9a42,0.4285714285714285,antirio,3.158120236999821,2022-07-16T03:25:45.334456,1,2.059480028001417,7,4,True
1,62d22fb8373d811b82ed9a42,0.4285714285714285,furioso,3.158120236999821,2022-07-16T03:25:46.016232,2,2.059480028001417,7,4,True
2,62d22fb8373d811b82ed9a42,1.0,residuo,3.158120236999821,2022-07-16T03:25:46.717991,3,2.059480028001417,7,4,True
0,62d22ed6373d811b82ed99d1,0.0,caras,4.212687151000864,2022-07-16T03:21:59.094798,1,2.8680624829976296,5,2,True
1,62d22ed6373d811b82ed99d1,0.6,ponen,4.212687151000864,2022-07-16T03:21:59.893393,2,2.8680624829976296,5,2,True
2,62d22ed6373d811b82ed99d1,0.6,pound,4.212687151000864,2022-07-16T03:22:00.531366,3,2.8680624829976296,5,2,True
3,62d22ed6373d811b82ed99d1,1.0,point,4.212687151000864,2022-07-16T03:22:01.248823,4,2.8680624829976296,5,2,True
0,62d22ebd373d811b82ed99bd,0.3333333333333333,cartas,3.067485059997125,2022-07-16T03:21:33.933523,1,2.047947922997992,6,2,True
1,62d22ebd373d811b82ed99bd,0.8333333333333334,tarzan,3.067485059997125,2022-07-16T03:21:34.633651,2,2.047947922997992,6,2,True
2,62d22ebd373d811b82ed99bd,1.0,tardan,3.067485059997125,2022-07-16T03:21:35.251094,3,2.047947922997992,6,2,True
0,62d22fd4373d811b82ed9a59,0.3333333333333333,retirados,3.540122726997652,2022-07-16T03:26:13.155144,1,2.4582590110003366,9,4,True
1,62d22fd4373d811b82ed9a59,0.8888888888888888,encargaba,3.540122726997652,2022-07-16T03:26:14.175200,2,2.4582590110003366,9,4,True
2,62d22fd4373d811b82ed9a59,1.0,encargara,3.540122726997652,2022-07-16T03:26:14.795271,3,2.4582590110003366,9,4,True
0,62d23002373d811b82ed9a6c,0.3333333333333333,autodesignacion,2.522897306000232,2022-07-16T03:26:59.092785,1,1.436147960001108,15,8,True
1,62d23002373d811b82ed9a6c,1.0,ecuatorialvalle,2.522897306000232,2022-07-16T03:26:59.732710,2,1.436147960001108,15,8,True
0,62d22fa7373d811b82ed9a39,0.6428571428571429,controvertidas,2.4793100170027174,2022-07-16T03:25:28.075858,1,1.386960650001129,14,5,True
1,62d22fa7373d811b82ed9a39,1.0,descontroladas,2.4793100170027174,2022-07-16T03:25:28.694332,2,1.386960650001129,14,5,True
0,62d22ea7373d811b82ed99af,0.25,parecido,3.28844449099779,2022-07-16T03:21:12.011209,1,2.253101398000581,8,4,True
1,62d22ea7373d811b82ed99af,0.25,lagunera,3.28844449099779,2022-07-16T03:21:12.893455,2,2.253101398000581,8,4,True
2,62d22ea7373d811b82ed99af,1.0,rathenau,3.28844449099779,2022-07-16T03:21:13.548787,3,2.253101398000581,8,4,True
0,62d22ec2373d811b82ed99c2,0.4,caras,2.6286255269988037,2022-07-16T03:21:39.728828,1,1.5355001660027483,5,2,True
1,62d22ec2373d811b82ed99c2,1.0,pacis,2.6286255269988037,2022-07-16T03:21:40.471242,2,1.5355001660027483,5,2,True
0,62d22d09373d811b82ed998a,0.4285714285714285,antirio,5.625712695000402,2022-07-16T03:14:17.705796,1,2.189308422999602,7,4,True
1,62d22d09373d811b82ed998a,0.5714285714285714,materia,5.625712695000402,2022-07-16T03:14:18.406203,2,2.189308422999602,7,4,True
2,62d22d09373d811b82ed998a,1.0,estaria,5.625712695000402,2022-07-16T03:14:19.106376,3,2.189308422999602,7,4,True
0,62d22ecf373d811b82ed99cb,0.0,cartas,3.84137240400014,2022-07-16T03:21:52.191415,1,2.76433908800027,6,2,True
1,62d22ecf373d811b82ed99cb,0.3333333333333333,vellon,3.84137240400014,2022-07-16T03:21:52.931310,2,2.76433908800027,6,2,True
2,62d22ecf373d811b82ed99cb,0.1666666666666666,kidney,3.84137240400014,2022-07-16T03:21:53.530954,3,2.76433908800027,6,2,True
3,62d22ecf373d811b82ed99cb,1.0,edmund,3.84137240400014,2022-07-16T03:21:54.171088,4,2.76433908800027,6,2,True
0,62d22f36373d811b82ed99e9,0.3571428571428571,contraatacados,2.430432971999835,2022-07-16T03:23:35.492593,1,1.4645657459986978,14,6,True
1,62d22f36373d811b82ed99e9,1.0,hidroelectrica,2.430432971999835,2022-07-16T03:23:36.176042,2,1.4645657459986978,14,6,True
0,62d22fce373d811b82ed9a55,0.5,parecido,3.1474888039992948,2022-07-16T03:26:07.694320,1,1.6372154320015395,8,4,True
1,62d22fce373d811b82ed9a55,1.0,escenico,3.1474888039992948,2022-07-16T03:26:08.536780,2,1.6372154320015395,8,4,True
0,62d22f6b373d811b82ed9a11,0.25,parecido,2.7119575849974358,2022-07-16T03:24:28.313534,1,1.638219610002125,8,4,True
1,62d22f6b373d811b82ed9a11,1.0,trueques,2.7119575849974358,2022-07-16T03:24:29.176987,2,1.638219610002125,8,4,True
0,62d22ffc373d811b82ed9a67,0.1666666666666666,cartas,3.069124285997532,2022-07-16T03:26:52.736955,1,2.026089599999977,6,2,True
1,62d22ffc373d811b82ed9a67,0.5,romper,3.069124285997532,2022-07-16T03:26:53.395139,2,2.026089599999977,6,2,True
2,62d22ffc373d811b82ed9a67,1.0,humber,3.069124285997532,2022-07-16T03:26:54.035250,3,2.026089599999977,6,2,True
0,62d22fc3373d811b82ed9a4b,0.25,parecido,3.340105960000073,2022-07-16T03:25:55.778181,1,2.252301051001268,8,4,True
1,62d22fc3373d811b82ed9a4b,0.875,caminaba,3.340105960000073,2022-07-16T03:25:56.594151,2,2.252301051001268,8,4,True
2,62d22fc3373d811b82ed9a4b,1.0,cambiaba,3.340105960000073,2022-07-16T03:25:57.274358,3,2.252301051001268,8,4,True
0,62d22f3c373d811b82ed99ed,0.4545454545454545,contratados,2.4996610150010383,2022-07-16T03:23:40.830347,1,1.4336818099982338,11,4,True
1,62d22f3c373d811b82ed99ed,1.0,comandantes,2.4996610150010383,2022-07-16T03:23:41.472786,2,1.4336818099982338,11,4,True
0,62d22eb0373d811b82ed99b4,0.3333333333333333,acuciando,3.0705131769973377,2022-07-16T03:21:21.608793,1,1.971739743999933,9,5,True
1,62d22eb0373d811b82ed99b4,0.4444444444444444,sovietica,3.0705131769973377,2022-07-16T03:21:22.232469,2,1.971739743999933,9,5,True
2,62d22eb0373d811b82ed99b4,1.0,ofreciera,3.0705131769973377,2022-07-16T03:21:22.951015,3,1.971739743999933,9,5,True
0,62d22fda373d811b82ed9a5e,0.4285714285714285,antirio,2.49275197300085,2022-07-16T03:26:18.895269,1,1.4364098010009911,7,4,True
1,62d22fda373d811b82ed9a5e,1.0,sitiado,2.49275197300085,2022-07-16T03:26:19.672706,2,1.4364098010009911,7,4,True
0,62d22eb7373d811b82ed99b9,0.6,transmiten,2.4135043940004834,2022-07-16T03:21:28.273692,1,1.3690015020001738,10,3,True
1,62d22eb7373d811b82ed99b9,1.0,transformo,2.4135043940004834,2022-07-16T03:21:29.008938,2,1.3690015020001738,10,3,True
